교과목명,영역,세부영역
대학 글쓰기 1(College Writing 1),학문의 토대 Foundation,글쓰기와 말하기(Writing and Speaking)
대학 글쓰기 2: 인문학글쓰기(College Writing 2: Writing in Humanities),학문의 토대 Foundation,글쓰기와 말하기(Writing and Speaking)
대학 글쓰기 2: 사회과학글쓰기(College Writing 2: Writing in Social Sciences),학문의 토대 Foundation,글쓰기와 말하기(Writing and Speaking)
대학 글쓰기 2: 과학기술글쓰기(College Writing 2: Writing in Science & Technology),학문의 토대 Foundation,글쓰기와 말하기(Writing and Speaking)
논리와 비판적 사고(Logic and Critical Thinking),학문의 토대 Foundation,글쓰기와 말하기(Writing and Speaking)
말하기와 토론(Speech and Debate),학문의 토대 Foundation,글쓰기와 말하기(Writing and Speaking)
창의적 사고와 표현(Critical Thinking and Expression),학문의 토대 Foundation,글쓰기와 말하기(Writing and Speaking)
기초영어(English Foundations),학문의 토대 Foundation,외국어(Foreign Languages)
대학영어 1(College English 1),학문의 토대 Foundation,외국어(Foreign Languages)
대학영어 2: 글쓰기(College English 2: Writing),학문의 토대 Foundation,외국어(Foreign Languages)
대학영어 2: 말하기(College English 2: Speaking),학문의 토대 Foundation,외국어(Foreign Languages)
고급영어: 문학(Advanced English: Literature),학문의 토대 Foundation,외국어(Foreign Languages)
고급영어: 문화와 사회(Advanced English: Culture and Society),학문의 토대 Foundation,외국어(Foreign Languages)
고급영어: 발표(Advanced English: Presentation),학문의 토대 Foundation,외국어(Foreign Languages)
고급영어: 산문(Advanced English: Prose),학문의 토대 Foundation,외국어(Foreign Languages)
고급영어: 연극(Advanced English: Drama Workshop),학문의 토대 Foundation,외국어(Foreign Languages)
고급영어: 영화(Advanced English: Exploring Film),학문의 토대 Foundation,외국어(Foreign Languages)
고급영어: 학술작문(Advanced English: Academic Writing),학문의 토대 Foundation,외국어(Foreign Languages)
초급독일어 1(Elementary German 1),학문의 토대 Foundation,외국어(Foreign Languages)
초급독일어 2(Elementary German 2),학문의 토대 Foundation,외국어(Foreign Languages)
중급독일어 1(Intermediate German 1),학문의 토대 Foundation,외국어(Foreign Languages)
중급독일어 2(Intermediate German 2),학문의 토대 Foundation,외국어(Foreign Languages)
독문강독(Readings in German Texts),학문의 토대 Foundation,외국어(Foreign Languages)
독일어 글쓰기(German Composition),학문의 토대 Foundation,외국어(Foreign Languages)
시사독일어(Contemporary German),학문의 토대 Foundation,외국어(Foreign Languages)
초급러시아어 1(Elementary Russian 1),학문의 토대 Foundation,외국어(Foreign Languages)
초급러시아어 2(Elementary Russian 2),학문의 토대 Foundation,외국어(Foreign Languages)
중급러시아어 1(Intermediate Russian 1),학문의 토대 Foundation,외국어(Foreign Languages)
중급러시아어 2(Intermediate Russian 2),학문의 토대 Foundation,외국어(Foreign Languages)
러시아어 말하기(Russian Conversation),학문의 토대 Foundation,외국어(Foreign Languages)
러시아어로 읽는 문화와 예술(Readings in Russian Culture and Art),학문의 토대 Foundation,외국어(Foreign Languages)
시사 러시아어(Russian through Mass Media),학문의 토대 Foundation,외국어(Foreign Languages)
초급스페인어 1(Elementary Spanish 1),학문의 토대 Foundation,외국어(Foreign Languages)
초급스페인어 2(Elementary Spanish 2),학문의 토대 Foundation,외국어(Foreign Languages)
중급스페인어 1(Intermediate Spanish 1),학문의 토대 Foundation,외국어(Foreign Languages)
중급스페인어 2(Intermediate Spanish 2),학문의 토대 Foundation,외국어(Foreign Languages)
스페인어 글쓰기(Spanish Composition),학문의 토대 Foundation,외국어(Foreign Languages)
스페인어 말하기(Spanish Conversation),학문의 토대 Foundation,외국어(Foreign Languages)
시사스페인어(Current Spanish),학문의 토대 Foundation,외국어(Foreign Languages)
초급중국어 1(Elementary Chinese 1),학문의 토대 Foundation,외국어(Foreign Languages)
초급중국어 2(Elementary Chinese 2),학문의 토대 Foundation,외국어(Foreign Languages)
중급중국어 1(Intermediate Chinese 1),학문의 토대 Foundation,외국어(Foreign Languages)
중급중국어 2(Intermediate Chinese 2),학문의 토대 Foundation,외국어(Foreign Languages)
중국어회화 1(Chinese Conversation 1),학문의 토대 Foundation,외국어(Foreign Languages)
중국어회화 2(Chinese Conversation 2),학문의 토대 Foundation,외국어(Foreign Languages)
미디어중국어(Media Chinese),학문의 토대 Foundation,외국어(Foreign Languages)
초급프랑스어 1(Elementary French 1),학문의 토대 Foundation,외국어(Foreign Languages)
초급프랑스어 2(Elementary French 2),학문의 토대 Foundation,외국어(Foreign Languages)
중급프랑스어 1(Intermediate French 1),학문의 토대 Foundation,외국어(Foreign Languages)
중급프랑스어 2(Intermediate French 2),학문의 토대 Foundation,외국어(Foreign Languages)
프랑스어 글쓰기(French Composition),학문의 토대 Foundation,외국어(Foreign Languages)
프랑스어 말하기(French Conversation),학문의 토대 Foundation,외국어(Foreign Languages)
시사프랑스어(Current French),학문의 토대 Foundation,외국어(Foreign Languages)
초급한국어(Elementary Korean),학문의 토대 Foundation,외국어(Foreign Languages)
중급한국어 1(Intermediate Korean 1),학문의 토대 Foundation,외국어(Foreign Languages)
중급한국어 2(Intermediate Korean 2),학문의 토대 Foundation,외국어(Foreign Languages)
고급한국어(Advanced Korean),학문의 토대 Foundation,외국어(Foreign Languages)
초급한문 1(Elementary Classical Chinese 1),학문의 토대 Foundation,외국어(Foreign Languages)
초급한문 2(Elementary Classical Chinese 2),학문의 토대 Foundation,외국어(Foreign Languages)
중급한문(Intermediate Classical Chinese),학문의 토대 Foundation,외국어(Foreign Languages)
역사와 철학 한문원전읽기(Selected Classical Chinese Readings in History and Philosophy by Chinese and Korean Writers),학문의 토대 Foundation,외국어(Foreign Languages)
한문명작읽기(Readings in Classical Chinese Masterpieces),학문의 토대 Foundation,외국어(Foreign Languages)
고전그리스어 1(Classical Greek 1),학문의 토대 Foundation,외국어(Foreign Languages)
고전그리스어 2(Classical Greek 2),학문의 토대 Foundation,외국어(Foreign Languages)
라틴어 1(Latin 1),학문의 토대 Foundation,외국어(Foreign Languages)
라틴어 2(Latin 2),학문의 토대 Foundation,외국어(Foreign Languages)
산스크리트어 1(Sanskrit 1),학문의 토대 Foundation,외국어(Foreign Languages)
산스크리트어 2(Sanskrit 2),학문의 토대 Foundation,외국어(Foreign Languages)
말레이-인도네시아어 1(Malay-Indonesian 1),학문의 토대 Foundation,외국어(Foreign Languages)
말레이-인도네시아어 2(Malay-Indonesian 2),학문의 토대 Foundation,외국어(Foreign Languages)
몽골어 1(Mongolian 1),학문의 토대 Foundation,외국어(Foreign Languages)
베트남어 1(Vietnamese 1),학문의 토대 Foundation,외국어(Foreign Languages)
베트남어 2(Vietnamese 2),학문의 토대 Foundation,외국어(Foreign Languages)
스와힐리어 1(Swahili 1),학문의 토대 Foundation,외국어(Foreign Languages)
스와힐리어 2(Swahili 2),학문의 토대 Foundation,외국어(Foreign Languages)
아랍어 1(Arabic 1),학문의 토대 Foundation,외국어(Foreign Languages)
아랍어 2(Arabic 2),학문의 토대 Foundation,외국어(Foreign Languages)
이태리어 1(Italian 1),학문의 토대 Foundation,외국어(Foreign Languages)
이태리어 2(Italian 2),학문의 토대 Foundation,외국어(Foreign Languages)
고급일본어 1(Advanced Japanese 1),학문의 토대 Foundation,외국어(Foreign Languages)
고급일본어 2(Advanced Japanese 2),학문의 토대 Foundation,외국어(Foreign Languages)
터키어 1(Turkish 1),학문의 토대 Foundation,외국어(Foreign Languages)
터키어 2(Turkish 2),학문의 토대 Foundation,외국어(Foreign Languages)
포르투갈어입문 1(Introduction to Portuguese 1),학문의 토대 Foundation,외국어(Foreign Languages)
포르투갈어입문 2(Introduction to Portuguese 2),학문의 토대 Foundation,외국어(Foreign Languages)
핀란드어 1(Finnish 1),학문의 토대 Foundation,외국어(Foreign Languages)
히브리어 1(Hebrew 1),학문의 토대 Foundation,외국어(Foreign Languages)
힌디어 1(Hindi 1),학문의 토대 Foundation,외국어(Foreign Languages)
힌디어 2(Hindi 2),학문의 토대 Foundation,외국어(Foreign Languages)
기초수학 1(Basic Calculus 1),학문의 토대 Foundation,수학·과학·컴퓨팅(Mathematics·Science·Computing)
기초수학 2(Basic Calculus 2),학문의 토대 Foundation,수학·과학·컴퓨팅(Mathematics·Science·Computing)
수학의 기초와 응용 1(Mathematics: The Basics and Applications 1),학문의 토대 Foundation,수학·과학·컴퓨팅(Mathematics·Science·Computing)
수학 1(Calculus 1),학문의 토대 Foundation,수학·과학·컴퓨팅(Mathematics·Science·Computing)
수학 2(Calculus 2),학문의 토대 Foundation,수학·과학·컴퓨팅(Mathematics·Science·Computing)
수학연습 1(Calculus Practice 1),학문의 토대 Foundation,수학·과학·컴퓨팅(Mathematics·Science·Computing)
수학연습 2(Calculus Practice 2),학문의 토대 Foundation,수학·과학·컴퓨팅(Mathematics·Science·Computing)
고급수학 1(Honor Calculus 1),학문의 토대 Foundation,수학·과학·컴퓨팅(Mathematics·Science·Computing)
고급수학 2(Honor Calculus 2),학문의 토대 Foundation,수학·과학·컴퓨팅(Mathematics·Science·Computing)
고급수학연습 1(Honor Calculus Practice 1),학문의 토대 Foundation,수학·과학·컴퓨팅(Mathematics·Science·Computing)
고급수학연습 2(Honor Calculus Practice 2),학문의 토대 Foundation,수학·과학·컴퓨팅(Mathematics·Science·Computing)
미적분학의 첫걸음(Elementary Calculus),학문의 토대 Foundation,수학·과학·컴퓨팅(Mathematics·Science·Computing)
미적분학 1(Differential and Integral Calculus 1),학문의 토대 Foundation,수학·과학·컴퓨팅(Mathematics·Science·Computing)
미적분학 2(Differential and Integral Calculus 2),학문의 토대 Foundation,수학·과학·컴퓨팅(Mathematics·Science·Computing)
미적분학연습 1(Differential and Integral Calculus Practice 1),학문의 토대 Foundation,수학·과학·컴퓨팅(Mathematics·Science·Computing)
미적분학연습 2(Differential and Integral Calculus Practice 2),학문의 토대 Foundation,수학·과학·컴퓨팅(Mathematics·Science·Computing)
생명과학을 위한 수학 1(Calculus for Life Science 1),학문의 토대 Foundation,수학·과학·컴퓨팅(Mathematics·Science·Computing)
생명과학을 위한 수학 2(Calculus for Life Science 2),학문의 토대 Foundation,수학·과학·컴퓨팅(Mathematics·Science·Computing)
경영학을 위한 수학(Calculus for Business),학문의 토대 Foundation,수학·과학·컴퓨팅(Mathematics·Science·Computing)
인문사회계를 위한 수학 1(Calculus for Humanities and Social Sciences 1),학문의 토대 Foundation,수학·과학·컴퓨팅(Mathematics·Science·Computing)
인문사회계를 위한 수학 2(Calculus for Humanities and Social Sciences 2),학문의 토대 Foundation,수학·과학·컴퓨팅(Mathematics·Science·Computing)
공학수학 1(Engineering Mathematics 1),학문의 토대 Foundation,수학·과학·컴퓨팅(Mathematics·Science·Computing)
공학수학 2(Engineering Mathematics 2),학문의 토대 Foundation,수학·과학·컴퓨팅(Mathematics·Science·Computing)
통계학의 개념 및 실습(Statistics Concept and Lab.),학문의 토대 Foundation,수학·과학·컴퓨팅(Mathematics·Science·Computing)
통계학(Statistics),학문의 토대 Foundation,수학·과학·컴퓨팅(Mathematics·Science·Computing)
통계학실험(Statistics Lab.),학문의 토대 Foundation,수학·과학·컴퓨팅(Mathematics·Science·Computing)
생명과학을 위한 통계학(Biostatistics),학문의 토대 Foundation,수학·과학·컴퓨팅(Mathematics·Science·Computing)
생명과학을 위한 통계학실험(Biostatistics Lab.),학문의 토대 Foundation,수학·과학·컴퓨팅(Mathematics·Science·Computing)
기초물리학 1(Basic Physics 1),학문의 토대 Foundation,수학·과학·컴퓨팅(Mathematics·Science·Computing)
기초물리학 2(Basic Physics 2),학문의 토대 Foundation,수학·과학·컴퓨팅(Mathematics·Science·Computing)
물리의 기본 1(Foundation of Physics 1),학문의 토대 Foundation,수학·과학·컴퓨팅(Mathematics·Science·Computing)
물리의 기본 2(Foundation of Physics 2),학문의 토대 Foundation,수학·과학·컴퓨팅(Mathematics·Science·Computing)
물리학(Physics),학문의 토대 Foundation,수학·과학·컴퓨팅(Mathematics·Science·Computing)
물리학 1(Physics 1),학문의 토대 Foundation,수학·과학·컴퓨팅(Mathematics·Science·Computing)
물리학 2(Physics 2),학문의 토대 Foundation,수학·과학·컴퓨팅(Mathematics·Science·Computing)
고급물리학 1(Honor Physics 1),학문의 토대 Foundation,수학·과학·컴퓨팅(Mathematics·Science·Computing)
고급물리학 2(Honor Physics 2),학문의 토대 Foundation,수학·과학·컴퓨팅(Mathematics·Science·Computing)
물리학실험(Physics Lab.),학문의 토대 Foundation,수학·과학·컴퓨팅(Mathematics·Science·Computing)
물리학실험 1(Physics Lab.1),학문의 토대 Foundation,수학·과학·컴퓨팅(Mathematics·Science·Computing)
물리학실험 2(Physics Lab.2),학문의 토대 Foundation,수학·과학·컴퓨팅(Mathematics·Science·Computing)
인문사회계를 위한 물리학(Physics for Humanities and Social Sciences),학문의 토대 Foundation,수학·과학·컴퓨팅(Mathematics·Science·Computing)
천문학(Astronomy),학문의 토대 Foundation,수학·과학·컴퓨팅(Mathematics·Science·Computing)
천문학실험(Astronomy Lab.),학문의 토대 Foundation,수학·과학·컴퓨팅(Mathematics·Science·Computing)
기초화학 1(Basic Chemistry 1),학문의 토대 Foundation,수학·과학·컴퓨팅(Mathematics·Science·Computing)
기초화학 2(Basic Chemistry 2),학문의 토대 Foundation,수학·과학·컴퓨팅(Mathematics·Science·Computing)
화학(Chemistry),학문의 토대 Foundation,수학·과학·컴퓨팅(Mathematics·Science·Computing)
화학 1(Chemistry 1),학문의 토대 Foundation,수학·과학·컴퓨팅(Mathematics·Science·Computing)
화학 2(Chemistry 2),학문의 토대 Foundation,수학·과학·컴퓨팅(Mathematics·Science·Computing)
고급화학(Advanced Chemistry),학문의 토대 Foundation,수학·과학·컴퓨팅(Mathematics·Science·Computing)
화학실험(Chemistry Lab.),학문의 토대 Foundation,수학·과학·컴퓨팅(Mathematics·Science·Computing)
화학실험 1(Chemistry Lab.1),학문의 토대 Foundation,수학·과학·컴퓨팅(Mathematics·Science·Computing)
화학실험 2(Chemistry Lab.2),학문의 토대 Foundation,수학·과학·컴퓨팅(Mathematics·Science·Computing)
기초생물학 1(Basic Biology 1),학문의 토대 Foundation,수학·과학·컴퓨팅(Mathematics·Science·Computing)
기초생물학 2(Basic Biology 2),학문의 토대 Foundation,수학·과학·컴퓨팅(Mathematics·Science·Computing)
생물학(Biology),학문의 토대 Foundation,수학·과학·컴퓨팅(Mathematics·Science·Computing)
생물학 1(Biology 1),학문의 토대 Foundation,수학·과학·컴퓨팅(Mathematics·Science·Computing)
생물학 2(Biology 2),학문의 토대 Foundation,수학·과학·컴퓨팅(Mathematics·Science·Computing)
생물학실험(Biology Lab.),학문의 토대 Foundation,수학·과학·컴퓨팅(Mathematics·Science·Computing)
생물학실험 1(Biology Lab.1),학문의 토대 Foundation,수학·과학·컴퓨팅(Mathematics·Science·Computing)
생물학실험 2(Biology Lab.2),학문의 토대 Foundation,수학·과학·컴퓨팅(Mathematics·Science·Computing)
인문사회계를 위한 생물학(Biology for Humanities and Social Sciences),학문의 토대 Foundation,수학·과학·컴퓨팅(Mathematics·Science·Computing)
대기과학(Atmospheric Science),학문의 토대 Foundation,수학·과학·컴퓨팅(Mathematics·Science·Computing)
대기과학실험(Atmospheric Science Lab.),학문의 토대 Foundation,수학·과학·컴퓨팅(Mathematics·Science·Computing)
지구과학(Earth Science),학문의 토대 Foundation,수학·과학·컴퓨팅(Mathematics·Science·Computing)
지구과학실험(Earth Science Lab.),학문의 토대 Foundation,수학·과학·컴퓨팅(Mathematics·Science·Computing)
지구시스템과학(Earth System Science),학문의 토대 Foundation,수학·과학·컴퓨팅(Mathematics·Science·Computing)
지구시스템과학실험(Earth System Science Lab.),학문의 토대 Foundation,수학·과학·컴퓨팅(Mathematics·Science·Computing)
지구환경과학(Earth and Environmental Sciences),학문의 토대 Foundation,수학·과학·컴퓨팅(Mathematics·Science·Computing)
지구환경과학실험(Earth and Environmental Sciences Lab.),학문의 토대 Foundation,수학·과학·컴퓨팅(Mathematics·Science·Computing)
해양학(Oceanography),학문의 토대 Foundation,수학·과학·컴퓨팅(Mathematics·Science·Computing)
해양학실험(Oceanography Lab.),학문의 토대 Foundation,수학·과학·컴퓨팅(Mathematics·Science·Computing)
컴퓨팅 기초: 처음 만나는 컴퓨팅(Basic Computing: First Adventures in Computing),학문의 토대 Foundation,수학·과학·컴퓨팅(Mathematics·Science·Computing)
컴퓨팅 기초: 처음 만나는 데이터(Basic Computing: Exploring Data for the First Time),학문의 토대 Foundation,수학·과학·컴퓨팅(Mathematics·Science·Computing)
컴퓨터의 기초(Fundamentals of Computer System),학문의 토대 Foundation,수학·과학·컴퓨팅(Mathematics·Science·Computing)
컴퓨터의 개념 및 실습(Digital Computer Concept and Practice),학문의 토대 Foundation,수학·과학·컴퓨팅(Mathematics·Science·Computing)
과학 계산을 위한 컴퓨터 활용(Computer Application for Scientific Computation ),학문의 토대 Foundation,수학·과학·컴퓨팅(Mathematics·Science·Computing)
컴퓨팅 핵심: 컴퓨터로 생각하기(Core Computing: Thinking with Computers),학문의 토대 Foundation,수학·과학·컴퓨팅(Mathematics·Science·Computing)
컴퓨팅 핵심: 데이터 중심의 인공지능(Core Computing: Data Centric Artificial Intelligence),학문의 토대 Foundation,수학·과학·컴퓨팅(Mathematics·Science·Computing)
컴퓨팅 응용: 기계학습 개념 및 실습(Application of Computing: Machine Learning Concept and Applications),학문의 토대 Foundation,수학·과학·컴퓨팅(Mathematics·Science·Computing)
컴퓨팅 응용: 데이터사이언스의 기초(Application of Computing: Basics of Data Science),학문의 토대 Foundation,수학·과학·컴퓨팅(Mathematics·Science·Computing)
컴퓨팅 응용: 자연어처리의 기초(Application of Computing: Basics of Natural Language Processing),학문의 토대 Foundation,수학·과학·컴퓨팅(Mathematics·Science·Computing)
인공지능 입문(Introduction to Artificial Intelligence),학문의 토대 Foundation,수학·과학·컴퓨팅(Mathematics·Science·Computing)
고대그리스.로마문학의 세계(World of Ancient Greek & Roman Literature),지성의 열쇠 Claves,문화 해석과 상상(Cultural Interpretation and Imagination)
공연예술의 이해(Introduction to the Performing Arts),지성의 열쇠 Claves,문화 해석과 상상(Cultural Interpretation and Imagination)
그리스.로마신화(Greek & Roman Mythology,지성의 열쇠 Claves,문화 해석과 상상(Cultural Interpretation and Imagination)
그리스비극(Greek Tragedy),지성의 열쇠 Claves,문화 해석과 상상(Cultural Interpretation and Imagination)
기독교와 서양문명(Christianity and Western Civilization),지성의 열쇠 Claves,문화 해석과 상상(Cultural Interpretation and Imagination)
대중예술의 이해(Understanding Popular Art),지성의 열쇠 Claves,문화 해석과 상상(Cultural Interpretation and Imagination)
도스토예프스키와 톨스토이(Dostoevsky and Tolstoy),지성의 열쇠 Claves,문화 해석과 상상(Cultural Interpretation and Imagination)
도시의 문화사 (Cultural History of Cities),지성의 열쇠 Claves,문화 해석과 상상(Cultural Interpretation and Imagination)
독일명작의 이해(Understanding German Masterpieces),지성의 열쇠 Claves,문화 해석과 상상(Cultural Interpretation and Imagination)
동서양 명작 읽기(Reading Masterpieces of Eastern and Western Literature),지성의 열쇠 Claves,문화 해석과 상상(Cultural Interpretation and Imagination)
동시대 미술과 현장(Art and Art Scene in the Contemporary Era),지성의 열쇠 Claves,문화 해석과 상상(Cultural Interpretation and Imagination)
동양미술사입문(Introduction to Oriental Art),지성의 열쇠 Claves,문화 해석과 상상(Cultural Interpretation and Imagination)
동양의 고전(Introduction to Oriental Classics),지성의 열쇠 Claves,문화 해석과 상상(Cultural Interpretation and Imagination)
디자인과 생활(Design and Everyday Life),지성의 열쇠 Claves,문화 해석과 상상(Cultural Interpretation and Imagination)
러시아명작의 이해(Understandings Russian Masterpieces),지성의 열쇠 Claves,문화 해석과 상상(Cultural Interpretation and Imagination)
르네상스의 세계(Worlds of the Renaissance),지성의 열쇠 Claves,문화 해석과 상상(Cultural Interpretation and Imagination)
문학 속 인간과 기계(Humans and Machines in Literature),지성의 열쇠 Claves,문화 해석과 상상(Cultural Interpretation and Imagination)
문학과 공연예술(Literature and Performing arts),지성의 열쇠 Claves,문화 해석과 상상(Cultural Interpretation and Imagination)
문학과 사회(Literature and Society),지성의 열쇠 Claves,문화 해석과 상상(Cultural Interpretation and Imagination)
문학과 영상(Literature and Film),지성의 열쇠 Claves,문화 해석과 상상(Cultural Interpretation and Imagination)
문학과 정신분석(Literature and Psychoanalysis),지성의 열쇠 Claves,문화 해석과 상상(Cultural Interpretation and Imagination)
문학과 철학의 대화(Literature and Philosophy in Dialogue),지성의 열쇠 Claves,문화 해석과 상상(Cultural Interpretation and Imagination)
문학으로 읽는 서양문명(글쓰기 집중 교과목)(Reading Western Civilizations through Literature),지성의 열쇠 Claves,문화 해석과 상상(Cultural Interpretation and Imagination)
미국문화와 현대사회의 이해(Understanding American Culture and Contemporary Society),지성의 열쇠 Claves,문화 해석과 상상(Cultural Interpretation and Imagination)
미디어 리터러시의 세계(Understanding Media Literacy),지성의 열쇠 Claves,문화 해석과 상상(Cultural Interpretation and Imagination)
미술론입문(Introduction to Theory of Fine Arts),지성의 열쇠 Claves,문화 해석과 상상(Cultural Interpretation and Imagination)
상상력과 문화(Imagination and Culture),지성의 열쇠 Claves,문화 해석과 상상(Cultural Interpretation and Imagination)
"서양근대문학의 이해(Understanding Western Literature, 1500-1900)",지성의 열쇠 Claves,문화 해석과 상상(Cultural Interpretation and Imagination)
서양미술사입문(Introduction to Western Art),지성의 열쇠 Claves,문화 해석과 상상(Cultural Interpretation and Imagination)
서양연극의 이해(An Introduction to Western Drama and Theater),지성의 열쇠 Claves,문화 해석과 상상(Cultural Interpretation and Imagination)
서양의 문화적 전통(Cultural Traditions of the West),지성의 열쇠 Claves,문화 해석과 상상(Cultural Interpretation and Imagination)
세계문학과 영문학(World Literature and English Literature ),지성의 열쇠 Claves,문화 해석과 상상(Cultural Interpretation and Imagination)
스페인어권 문화의 이해(Understanding of the Hispanic Culture),지성의 열쇠 Claves,문화 해석과 상상(Cultural Interpretation and Imagination)
스페인어권명작의 이해(Understanding of Hispanic Masterpieces),지성의 열쇠 Claves,문화 해석과 상상(Cultural Interpretation and Imagination)
아시아미술의 이해(Perspectives on Asian Art),지성의 열쇠 Claves,문화 해석과 상상(Cultural Interpretation and Imagination)
아시아의 종교와 미술(Religion and Art in Asia),지성의 열쇠 Claves,문화 해석과 상상(Cultural Interpretation and Imagination)
알타이민족의 언어(Languages of Altaic Peoples),지성의 열쇠 Claves,문화 해석과 상상(Cultural Interpretation and Imagination)
언어와 사회(Language and Society),지성의 열쇠 Claves,문화 해석과 상상(Cultural Interpretation and Imagination)
여성과 문학(Women and Literature),지성의 열쇠 Claves,문화 해석과 상상(Cultural Interpretation and Imagination)
영미 대중소설의 이해(Understanding British and American Popular Fiction),지성의 열쇠 Claves,문화 해석과 상상(Cultural Interpretation and Imagination)
영미 문화의 이해(Understanding Anglophone Culture),지성의 열쇠 Claves,문화 해석과 상상(Cultural Interpretation and Imagination)
영상예술의 이해(Introduction to Film Art),지성의 열쇠 Claves,문화 해석과 상상(Cultural Interpretation and Imagination)
영시의 이해(Understanding English Poetry),지성의 열쇠 Claves,문화 해석과 상상(Cultural Interpretation and Imagination)
예술과 과학(Art and Science),지성의 열쇠 Claves,문화 해석과 상상(Cultural Interpretation and Imagination)
예술과 사회(Art and Society),지성의 열쇠 Claves,문화 해석과 상상(Cultural Interpretation and Imagination)
음악과 사회(Music and Society),지성의 열쇠 Claves,문화 해석과 상상(Cultural Interpretation and Imagination)
음악론입문(Introduction to Theory of Music),지성의 열쇠 Claves,문화 해석과 상상(Cultural Interpretation and Imagination)
이중언어사용(Bilingualism),지성의 열쇠 Claves,문화 해석과 상상(Cultural Interpretation and Imagination)
인간과 문화(Peoples and Cultures),지성의 열쇠 Claves,문화 해석과 상상(Cultural Interpretation and Imagination)
인도의 전통과 현대(Tradition and Modernity in India) ,지성의 열쇠 Claves,문화 해석과 상상(Cultural Interpretation and Imagination)
전통과 일상의 한국문화(Tradition and Korean Culture in Everyday Life) ,지성의 열쇠 Claves,문화 해석과 상상(Cultural Interpretation and Imagination)
종교와 예술(Religion and Arts),지성의 열쇠 Claves,문화 해석과 상상(Cultural Interpretation and Imagination)
중국어권의 사회와 문화(Understanding the Society and Culture of the Sinophone World),지성의 열쇠 Claves,문화 해석과 상상(Cultural Interpretation and Imagination)
중국인의 언어와 문화(Understanding Chinese Language and Culture),지성의 열쇠 Claves,문화 해석과 상상(Cultural Interpretation and Imagination)
창작의 세계(Understanding Creative Writing),지성의 열쇠 Claves,문화 해석과 상상(Cultural Interpretation and Imagination)
프랑스명작의 이해(Understanding French Masterpieces),지성의 열쇠 Claves,문화 해석과 상상(Cultural Interpretation and Imagination)
프랑스어권 문화의 이해(Understanding of the Francophone Culture),지성의 열쇠 Claves,문화 해석과 상상(Cultural Interpretation and Imagination)
한국 문학의 깊이와 상상력(The Depth and Imagination of Korean Literature),지성의 열쇠 Claves,문화 해석과 상상(Cultural Interpretation and Imagination)
한국문학과 문화예술(Arts and Culture in Korean Literature),지성의 열쇠 Claves,문화 해석과 상상(Cultural Interpretation and Imagination)
한국문학과 세계문학(Korean Literature and World Literature),지성의 열쇠 Claves,문화 해석과 상상(Cultural Interpretation and Imagination)
한국문학과 여행(Journeying in Korean Literature),지성의 열쇠 Claves,문화 해석과 상상(Cultural Interpretation and Imagination)
한국미술사입문(Introduction to Korean Art),지성의 열쇠 Claves,문화 해석과 상상(Cultural Interpretation and Imagination)
한국어 어휘와 표현(Korean Vocabulary Training),지성의 열쇠 Claves,문화 해석과 상상(Cultural Interpretation and Imagination)
한국의 신화(Korean Mythology),지성의 열쇠 Claves,문화 해석과 상상(Cultural Interpretation and Imagination)
한국의 한자와 한자어(Korean Usage of Chinese Characters),지성의 열쇠 Claves,문화 해석과 상상(Cultural Interpretation and Imagination)
한국인의 언어와 문화(Language and Culture of the Korean),지성의 열쇠 Claves,문화 해석과 상상(Cultural Interpretation and Imagination)
한국현대시 읽기(Reading Modern Korean Poetry),지성의 열쇠 Claves,문화 해석과 상상(Cultural Interpretation and Imagination)
한글맞춤법의 이론과 실제(Theory and Practice of Hangul Orthography),지성의 열쇠 Claves,문화 해석과 상상(Cultural Interpretation and Imagination)
한자와 동양문화(Chinese Character and Oriental Culture),지성의 열쇠 Claves,문화 해석과 상상(Cultural Interpretation and Imagination)
현대미술의 이해(Understanding Contemporary Art),지성의 열쇠 Claves,문화 해석과 상상(Cultural Interpretation and Imagination)
현대종교와 문화(Contemporary Religion and Culture),지성의 열쇠 Claves,문화 해석과 상상(Cultural Interpretation and Imagination)
고고학개론(Introduction to Archaeology),지성의 열쇠 Claves,역사적 탐구와 철학적 사유(Historical Inquiry and Philosophical Thinking)
규장각과 한국문화(The Kyujanggak Archive and Korean Culture),지성의 열쇠 Claves,역사적 탐구와 철학적 사유(Historical Inquiry and Philosophical Thinking)
근·현대 한국민족주의(Nationalism in Modern & Contemporary Korea),지성의 열쇠 Claves,역사적 탐구와 철학적 사유(Historical Inquiry and Philosophical Thinking)
근대 한국의 역사와 문화(History and Culture of Modern Korea),지성의 열쇠 Claves,역사적 탐구와 철학적 사유(Historical Inquiry and Philosophical Thinking)
남북분단과 한국전쟁(Division of Korea and Korean War),지성의 열쇠 Claves,역사적 탐구와 철학적 사유(Historical Inquiry and Philosophical Thinking)
논리학(Logic),지성의 열쇠 Claves,역사적 탐구와 철학적 사유(Historical Inquiry and Philosophical Thinking)
도덕적 추론(Moral Reasoning),지성의 열쇠 Claves,역사적 탐구와 철학적 사유(Historical Inquiry and Philosophical Thinking)
동서문명의 만남과 실크로드(The Silk Road and the Confluence of Civilizations),지성의 열쇠 Claves,역사적 탐구와 철학적 사유(Historical Inquiry and Philosophical Thinking)
동아시아의 역사분쟁(Historical Disputes among East Asian Countries),지성의 열쇠 Claves,역사적 탐구와 철학적 사유(Historical Inquiry and Philosophical Thinking)
동아시아의 왕권(Royal Authority in Traditional East Asia),지성의 열쇠 Claves,역사적 탐구와 철학적 사유(Historical Inquiry and Philosophical Thinking)
동양예술론입문(Introduction to Theory of Arts in Asia),지성의 열쇠 Claves,역사적 탐구와 철학적 사유(Historical Inquiry and Philosophical Thinking)
동양철학의 고전(Classics in Oriental Philosophy),지성의 열쇠 Claves,역사적 탐구와 철학적 사유(Historical Inquiry and Philosophical Thinking)
동양철학의 이해(Understanding Asian Philosophy),지성의 열쇠 Claves,역사적 탐구와 철학적 사유(Historical Inquiry and Philosophical Thinking)
문명의 기원(The Origin of Civilization),지성의 열쇠 Claves,역사적 탐구와 철학적 사유(Historical Inquiry and Philosophical Thinking)
미학과 예술론(Aesthetics and Art Theory),지성의 열쇠 Claves,역사적 탐구와 철학적 사유(Historical Inquiry and Philosophical Thinking)
법과 가치(Law and Values),지성의 열쇠 Claves,역사적 탐구와 철학적 사유(Historical Inquiry and Philosophical Thinking)
사상과 윤리(Social Thought and Ethics),지성의 열쇠 Claves,역사적 탐구와 철학적 사유(Historical Inquiry and Philosophical Thinking)
사회철학의 이해(Understanding Social Philosophy),지성의 열쇠 Claves,역사적 탐구와 철학적 사유(Historical Inquiry and Philosophical Thinking)
생명의료윤리(Bio-Medical Ethics),지성의 열쇠 Claves,역사적 탐구와 철학적 사유(Historical Inquiry and Philosophical Thinking)
서양문명의 역사 1: 고대에서 르네상스까지(History of Western Civilization 1: from Antiquity to the Renaissance),지성의 열쇠 Claves,역사적 탐구와 철학적 사유(Historical Inquiry and Philosophical Thinking)
서양문명의 역사 2: 종교개혁에서 냉전까지(History of Western Civilization 2: from the Reformation to the Cold War),지성의 열쇠 Claves,역사적 탐구와 철학적 사유(Historical Inquiry and Philosophical Thinking)
서양철학의 고전(Classics in Western Philosophy),지성의 열쇠 Claves,역사적 탐구와 철학적 사유(Historical Inquiry and Philosophical Thinking)
서양철학의 이해(Understanding Western Philosophy),지성의 열쇠 Claves,역사적 탐구와 철학적 사유(Historical Inquiry and Philosophical Thinking)
성의 철학과 성윤리(Philosophy of Gender and Sexual Morality,지성의 열쇠 Claves,역사적 탐구와 철학적 사유(Historical Inquiry and Philosophical Thinking)
세계종교입문(Introduction to World Religions),지성의 열쇠 Claves,역사적 탐구와 철학적 사유(Historical Inquiry and Philosophical Thinking)
역사 속의 중화와 그 이웃(China and its Neighbors in History),지성의 열쇠 Claves,역사적 탐구와 철학적 사유(Historical Inquiry and Philosophical Thinking)
역사와 역사 재현(History and Historical Representation),지성의 열쇠 Claves,역사적 탐구와 철학적 사유(Historical Inquiry and Philosophical Thinking)
예술과 신화(Art and Myth),지성의 열쇠 Claves,역사적 탐구와 철학적 사유(Historical Inquiry and Philosophical Thinking)
예술의 가치와 비평(Art Criticism and Values of Art),지성의 열쇠 Claves,역사적 탐구와 철학적 사유(Historical Inquiry and Philosophical Thinking)
이슬람 문명의 역사(History of Islamic Civilization),지성의 열쇠 Claves,역사적 탐구와 철학적 사유(Historical Inquiry and Philosophical Thinking)
인류문화의 기원(The Origins of Human Culture),지성의 열쇠 Claves,역사적 탐구와 철학적 사유(Historical Inquiry and Philosophical Thinking)
인물로 본 한국사(Korean History Viewed through Lives of Great Figures),지성의 열쇠 Claves,역사적 탐구와 철학적 사유(Historical Inquiry and Philosophical Thinking)
일본의 인물과 역사(Major Personalities in Japanese History),지성의 열쇠 Claves,역사적 탐구와 철학적 사유(Historical Inquiry and Philosophical Thinking)
자아탐색과 자아실현(Self-reflection and Self-realization),지성의 열쇠 Claves,역사적 탐구와 철학적 사유(Historical Inquiry and Philosophical Thinking)
조선의 역사적 성취와 유산(Historical Achievements and Legacy of the Joseon Dynasty),지성의 열쇠 Claves,역사적 탐구와 철학적 사유(Historical Inquiry and Philosophical Thinking)
종교 상징의 세계(Understanding Religious Symbols),지성의 열쇠 Claves,역사적 탐구와 철학적 사유(Historical Inquiry and Philosophical Thinking)
주제어로 본 동양철학(Eastern Philosophy in Key Terms),지성의 열쇠 Claves,역사적 탐구와 철학적 사유(Historical Inquiry and Philosophical Thinking)
중국고전과 중국사상(Chinese Classics and Chinese Thought),지성의 열쇠 Claves,역사적 탐구와 철학적 사유(Historical Inquiry and Philosophical Thinking)
중국의 전통과 현대(Tradition and Modernity in China),지성의 열쇠 Claves,역사적 탐구와 철학적 사유(Historical Inquiry and Philosophical Thinking)
처음 배우는 서양사 (Introduction to Western History),지성의 열쇠 Claves,역사적 탐구와 철학적 사유(Historical Inquiry and Philosophical Thinking)
철학개론(Introduction to Philosophy),지성의 열쇠 Claves,역사적 탐구와 철학적 사유(Historical Inquiry and Philosophical Thinking)
철학으로 예술 보기(Philosophical Perspectives on Art),지성의 열쇠 Claves,역사적 탐구와 철학적 사유(Historical Inquiry and Philosophical Thinking)
테마 중국사(Themes in Chinese History),지성의 열쇠 Claves,역사적 탐구와 철학적 사유(Historical Inquiry and Philosophical Thinking)
페미니즘 미학과 예술(Feminist Aesthetics and Arts),지성의 열쇠 Claves,역사적 탐구와 철학적 사유(Historical Inquiry and Philosophical Thinking)
한국 중세의 사회와 문화(Society and Culture in Medieval Korean History),지성의 열쇠 Claves,역사적 탐구와 철학적 사유(Historical Inquiry and Philosophical Thinking)
한국고대사의 쟁점(Issues in Ancient Korean History),지성의 열쇠 Claves,역사적 탐구와 철학적 사유(Historical Inquiry and Philosophical Thinking)
한국문화와 불교(Korean Culture and Buddhism),지성의 열쇠 Claves,역사적 탐구와 철학적 사유(Historical Inquiry and Philosophical Thinking)
한국문화와 유교사회(Korean Culture and Confucian Society),지성의 열쇠 Claves,역사적 탐구와 철학적 사유(Historical Inquiry and Philosophical Thinking)
한국사(Korean History),지성의 열쇠 Claves,역사적 탐구와 철학적 사유(Historical Inquiry and Philosophical Thinking)
한국사의 새로운 해석(New Perspective on Korean Cultural History),지성의 열쇠 Claves,역사적 탐구와 철학적 사유(Historical Inquiry and Philosophical Thinking)
한국의 문화유산(Cultural Heritage of Korea),지성의 열쇠 Claves,역사적 탐구와 철학적 사유(Historical Inquiry and Philosophical Thinking)
한국의 역사가와 역사학(Historians and History of Korea),지성의 열쇠 Claves,역사적 탐구와 철학적 사유(Historical Inquiry and Philosophical Thinking)
한국현대사의 이해(Understanding Korean Contemporary History),지성의 열쇠 Claves,역사적 탐구와 철학적 사유(Historical Inquiry and Philosophical Thinking)
현대사회와 윤리(Modern Society and Ethics),지성의 열쇠 Claves,역사적 탐구와 철학적 사유(Historical Inquiry and Philosophical Thinking)
현대서양의 형성(Modern Civilization of the West),지성의 열쇠 Claves,역사적 탐구와 철학적 사유(Historical Inquiry and Philosophical Thinking)
경영학개론(Introduction to the Theory of Business),지성의 열쇠 Claves,인간의 이해와 사회 분석(Understanding Humans and Society)
공공행정의 이해(Understanding Public Administration),지성의 열쇠 Claves,인간의 이해와 사회 분석(Understanding Humans and Society)
교육의 이해(Understanding Education),지성의 열쇠 Claves,인간의 이해와 사회 분석(Understanding Humans and Society)
국가와 시민(The State and Citizenship),지성의 열쇠 Claves,인간의 이해와 사회 분석(Understanding Humans and Society)
국제정치학입문(Introduction to International Relations),지성의 열쇠 Claves,인간의 이해와 사회 분석(Understanding Humans and Society)
글로벌 이슈와 윤리적 사고(Global Issues and Ethical Thinking),지성의 열쇠 Claves,인간의 이해와 사회 분석(Understanding Humans and Society)
기업과 사회(Business and Society),지성의 열쇠 Claves,인간의 이해와 사회 분석(Understanding Humans and Society)
남북관계와 통일의 전망(Prospects of South-North Relations and Unification),지성의 열쇠 Claves,인간의 이해와 사회 분석(Understanding Humans and Society)
독일어권 문화의 이해(Understanding of the Germanic Culture),지성의 열쇠 Claves,인간의 이해와 사회 분석(Understanding Humans and Society)
디지털시대의 영상문화와 윤리(Visual Culture and Ethics in Digital Age),지성의 열쇠 Claves,인간의 이해와 사회 분석(Understanding Humans and Society)
라틴아메리카 문학과 사회(Literature and Society of Latin America),지성의 열쇠 Claves,인간의 이해와 사회 분석(Understanding Humans and Society)
러시아인의 삶과 문화(Russian Life and Culture),지성의 열쇠 Claves,인간의 이해와 사회 분석(Understanding Humans and Society)
미디어와 현대사회(Media and Contemporary Society),지성의 열쇠 Claves,인간의 이해와 사회 분석(Understanding Humans and Society)
민주시민과 기본적 인권(Democratic Citizen and Fundamental Human Right),지성의 열쇠 Claves,인간의 이해와 사회 분석(Understanding Humans and Society)
"민주시민과 헌법(Democratic Citizenship, Constitution and Civil Rights)",지성의 열쇠 Claves,인간의 이해와 사회 분석(Understanding Humans and Society)
법학개론(Introduction to Law),지성의 열쇠 Claves,인간의 이해와 사회 분석(Understanding Humans and Society)
복지국가의 이해(Understanding Welfare states),지성의 열쇠 Claves,인간의 이해와 사회 분석(Understanding Humans and Society)
"사랑과 일, 그리고 젠더(Love, Work and Gender)",지성의 열쇠 Claves,인간의 이해와 사회 분석(Understanding Humans and Society)
사회학의 이해(Invitation to Sociology),지성의 열쇠 Claves,인간의 이해와 사회 분석(Understanding Humans and Society)
삶과 교육(Life and Education),지성의 열쇠 Claves,인간의 이해와 사회 분석(Understanding Humans and Society)
생활공간과 인간(Geographic Space and People),지성의 열쇠 Claves,인간의 이해와 사회 분석(Understanding Humans and Society)
성과 사랑의 역사(History of Sexuality and Love),지성의 열쇠 Claves,인간의 이해와 사회 분석(Understanding Humans and Society)
섹슈얼리티와 성평등(Sexuality and Gender Equality),지성의 열쇠 Claves,인간의 이해와 사회 분석(Understanding Humans and Society)
소비자와 시장(Consumer and the Market),지성의 열쇠 Claves,인간의 이해와 사회 분석(Understanding Humans and Society)
언어의 세계(World of Languages),지성의 열쇠 Claves,인간의 이해와 사회 분석(Understanding Humans and Society)
역사 속의 전쟁과 평화(War and Peace in History),지성의 열쇠 Claves,인간의 이해와 사회 분석(Understanding Humans and Society)
영화 속 세계정치(Politics and World Leaders on Film),지성의 열쇠 Claves,인간의 이해와 사회 분석(Understanding Humans and Society)
인공지능과 알고리듬 사회(Artificial Intelligence and Algorithmic Society),지성의 열쇠 Claves,인간의 이해와 사회 분석(Understanding Humans and Society)
"인권, NGO, 세계시민사회(Human Rights, NGO, and International Community)",지성의 열쇠 Claves,인간의 이해와 사회 분석(Understanding Humans and Society)
정치와 정치이념(Politics and Political Ideology),지성의 열쇠 Claves,인간의 이해와 사회 분석(Understanding Humans and Society)
정치학개론(Introduction to Political Science),지성의 열쇠 Claves,인간의 이해와 사회 분석(Understanding Humans and Society)
젠더와 범죄(Gender and Crime),지성의 열쇠 Claves,인간의 이해와 사회 분석(Understanding Humans and Society)
젠더와 법(Gender and Law),지성의 열쇠 Claves,인간의 이해와 사회 분석(Understanding Humans and Society)
주권국가와 국제법원(Sovereign States and International Courts),지성의 열쇠 Claves,인간의 이해와 사회 분석(Understanding Humans and Society)
지구화 시대의 공공외교(Public Diplomacy in the Age of Globalization),지성의 열쇠 Claves,인간의 이해와 사회 분석(Understanding Humans and Society)
한국정치의 분석과 이해(Understanding and Analyzing Korean Politics),지성의 열쇠 Claves,인간의 이해와 사회 분석(Understanding Humans and Society)
행복한 삶과 사회복지(Happiness and Social Welfare),지성의 열쇠 Claves,인간의 이해와 사회 분석(Understanding Humans and Society)
현대국가와 행정(The Modern State and Public Administration),지성의 열쇠 Claves,인간의 이해와 사회 분석(Understanding Humans and Society)
현대사회와 국제어(Modern Society and Global Language),지성의 열쇠 Claves,인간의 이해와 사회 분석(Understanding Humans and Society)
현대사회와 법(Society and Law),지성의 열쇠 Claves,인간의 이해와 사회 분석(Understanding Humans and Society)
"현대사회의 생로병사(Birth, Aging, Disability, and Death in Contemporary Societies)",지성의 열쇠 Claves,인간의 이해와 사회 분석(Understanding Humans and Society)
현대정치의 이해(Introduction of Contemporary Political World),지성의 열쇠 Claves,인간의 이해와 사회 분석(Understanding Humans and Society)
부모교육(Parenting),지성의 열쇠 Claves,인간의 이해와 사회 분석(Understanding Humans and Society)
친밀성과 가족(Intimacy and Families),지성의 열쇠 Claves,인간의 이해와 사회 분석(Understanding Humans and Society)
사회혁신과 교육개혁 (Social Innovation and Education Reform),지성의 열쇠 Claves,인간의 이해와 사회 분석(Understanding Humans and Society)
공간정보와 시각화(Spatial information and Visualization),지성의 열쇠 Claves,과학적 사고와 응용(Scientific Reasoning and Applications)
과학과 비판적 사고(Critical Understanding of Scientific Reasoning),지성의 열쇠 Claves,과학적 사고와 응용(Scientific Reasoning and Applications)
과학의 철학적 이해(Philosophical Understanding of Science),지성의 열쇠 Claves,과학적 사고와 응용(Scientific Reasoning and Applications)
기술과 경제(Technology and Economy),지성의 열쇠 Claves,과학적 사고와 응용(Scientific Reasoning and Applications)
말과 마음(Language in the Mind),지성의 열쇠 Claves,과학적 사고와 응용(Scientific Reasoning and Applications)
미시세계와 거시세계(Micro-world and Macro-world),지성의 열쇠 Claves,과학적 사고와 응용(Scientific Reasoning and Applications)
바다과학기행(Voyage to the Sea),지성의 열쇠 Claves,과학적 사고와 응용(Scientific Reasoning and Applications)
불확실성의 세계와 통계학(The World of Uncertainty and Statistics),지성의 열쇠 Claves,과학적 사고와 응용(Scientific Reasoning and Applications)
불확실성의 수학적 이해(Mathematical Understanding of Uncertainty),지성의 열쇠 Claves,과학적 사고와 응용(Scientific Reasoning and Applications)
삶의 혁명-생명공학(Revolution of Life Biotechnology),지성의 열쇠 Claves,과학적 사고와 응용(Scientific Reasoning and Applications)
생활구강건강관리(Understanding Oral Health in Life),지성의 열쇠 Claves,과학적 사고와 응용(Scientific Reasoning and Applications)
서양문명과 과학기술(Western Civilization and Science and Technology),지성의 열쇠 Claves,과학적 사고와 응용(Scientific Reasoning and Applications)
세계와 지역의 환경문제(Global and Regional Environmental Issues),지성의 열쇠 Claves,과학적 사고와 응용(Scientific Reasoning and Applications)
식생활과 환경(Food and Environment),지성의 열쇠 Claves,과학적 사고와 응용(Scientific Reasoning and Applications)
약과 건강(Drug and Health),지성의 열쇠 Claves,과학적 사고와 응용(Scientific Reasoning and Applications)
양자개념과 인류문명(Quantum Theory and Human Civilization),지성의 열쇠 Claves,과학적 사고와 응용(Scientific Reasoning and Applications)
에너지(Energy),지성의 열쇠 Claves,과학적 사고와 응용(Scientific Reasoning and Applications)
역사속의 과학(Understanding Science in the Historical Setting),지성의 열쇠 Claves,과학적 사고와 응용(Scientific Reasoning and Applications)
영양과 건강(Nutrition for Health),지성의 열쇠 Claves,과학적 사고와 응용(Scientific Reasoning and Applications)
외계행성과 생명(Extraterrestrial Planets and Life),지성의 열쇠 Claves,과학적 사고와 응용(Scientific Reasoning and Applications)
우주의 진화(Evolution of the Universe),지성의 열쇠 Claves,과학적 사고와 응용(Scientific Reasoning and Applications)
인간과 우주(Man and the Universe),지성의 열쇠 Claves,과학적 사고와 응용(Scientific Reasoning and Applications)
인간과 지구환경(Man and the Earth Environments),지성의 열쇠 Claves,과학적 사고와 응용(Scientific Reasoning and Applications)
인공지능과 철학(Artificial Intelligence and Philosophy),지성의 열쇠 Claves,과학적 사고와 응용(Scientific Reasoning and Applications)
인체생물학(Biology of Human Body),지성의 열쇠 Claves,과학적 사고와 응용(Scientific Reasoning and Applications)
인터넷 보안과 프라이버시 (Internet Security and Privacy),지성의 열쇠 Claves,과학적 사고와 응용(Scientific Reasoning and Applications)
자연재해의 관측과 이해(Observation and Understanding of Natural Disaster),지성의 열쇠 Claves,과학적 사고와 응용(Scientific Reasoning and Applications)
자연환경과 인간(Natural Environment and Human),지성의 열쇠 Claves,과학적 사고와 응용(Scientific Reasoning and Applications)
지구의 이해(The Earth: Present & Past),지성의 열쇠 Claves,과학적 사고와 응용(Scientific Reasoning and Applications)
지구환경변화(Global Environment Change),지성의 열쇠 Claves,과학적 사고와 응용(Scientific Reasoning and Applications)
컴퓨터과학이 여는 세계(Computational Civilization),지성의 열쇠 Claves,과학적 사고와 응용(Scientific Reasoning and Applications)
화산과 지진(Volcanoes and Earthquakes),지성의 열쇠 Claves,과학적 사고와 응용(Scientific Reasoning and Applications)
건강 돌봄 자가간호 (Health Caregiving Self-Care),지성의 열쇠 Claves,과학적 사고와 응용(Scientific Reasoning and Applications)
지구의 이해(The Earth: Present & Past),지성의 열쇠 Claves,과학적 사고와 응용(Scientific Reasoning and Applications)
기하학의 그리스적 발견(The Greek Invention of Geometry),지성의 열쇠 Claves,과학적 사고와 응용(Scientific Reasoning and Applications)
베리타스 강좌 1: 기후위기와 인류(Veritas Lecture 1: Climate Crisis and Humanity),베리타스Veritas,베리타스강좌1(VeritasLecture1)
베리타스 강좌 1: 데이터로 디자인하는 리더십(Veritas Lecture 1: Leadership Designed by Data),베리타스Veritas,베리타스강좌1(VeritasLecture1)
"베리타스 강좌 1: 아르스 롱가 - 과학, 음악, 문학의 만남(Veritas Lecture 1: Ars Longa - Intersection of Science, Music, and Literature)",베리타스Veritas,베리타스강좌1(VeritasLecture1)
베리타스 강좌 1: 인간과 동물(Veritas Lecture 1: Human and Animal),베리타스Veritas,베리타스강좌1(VeritasLecture1)
베리타스 강좌 1: 자유와 정의(Veritas Lecture 1: Liberty and Justice),베리타스Veritas,베리타스강좌1(VeritasLecture1)
베리타스 강좌 1: 별(Veritas Lecture 1: Stars),베리타스Veritas,베리타스강좌1(VeritasLecture1)
베리타스 강좌 1: 불과 문명(Veritas Lecture 1: Fire and Civilization),베리타스Veritas,베리타스강좌1(VeritasLecture1)
베리타스 강좌 1: 동양고전으로 보는 ‘나’(Veritas Lecture 1: ‘The Self’ in East Asian Classics),베리타스Veritas,베리타스강좌1(VeritasLecture1)
"베리타스 강좌 1: 뇌, 기계, 진화(Veritas Lecture 1: Brain, Machines, and Evolution)",베리타스Veritas,베리타스강좌1(VeritasLecture1)
베리타스 강좌 1: 인공지능 시대의 문화예술(Veritas Lecture 1: Art and Culture in AI Era),베리타스Veritas,베리타스강좌1(VeritasLecture1)
베리타스 강좌 1: 우리 안의 민속문화(Veritas Lecture 1: Folk Culture in Our Life),베리타스Veritas,베리타스강좌1(VeritasLecture1)
베리타스 강좌 1: 돌봄과 생태 위기(Veritas Lecture 1: Care and Ecological Crisis),베리타스Veritas,베리타스강좌1(VeritasLecture1)
"베리타스 강좌 1: 빅 히스토리-우주와 지구, 그리고 인류(Veritas Lecture 1: Big History-Universe, Earth, and Humankind)",베리타스Veritas,베리타스강좌1(VeritasLecture1)
베리타스 강좌 1: 유토피아와 디스토피아(Veritas Lecture 1: Utopia and Dystopia),베리타스Veritas,베리타스강좌1(VeritasLecture1)
베리타스 강좌 1: 학습으로 본 ‘나’와 공동체(Veritas Lecture 1: Myself and Community in Learning),베리타스Veritas,베리타스강좌1(VeritasLecture1)
베리타스 강좌 1: 노벨과학상과 인류(Veritas Lecture 1: Nobel Prizes in Science and Humanity),베리타스Veritas,베리타스강좌1(VeritasLecture1)
베리타스 강좌 1: 동물과 함께한 인류의 역사(Veritas Lecture 1: History of Zoological Humankind),베리타스Veritas,베리타스강좌1(VeritasLecture1)
베리타스 강좌 1: 미래(Veritas Lecture 1: Future),베리타스Veritas,베리타스강좌1(VeritasLecture1)
베리타스 강좌 1: 현대의학과 종교의 대화(Veritas Lecture 1: How Medicine and Religion Shape Each Other),베리타스Veritas,베리타스강좌1(VeritasLecture1)
베리타스 강좌 1: 도시와 예술(Veritas Lecture 1: The City and Art),베리타스Veritas,베리타스강좌1(VeritasLecture1)
"베리타스 강좌 1: 몸의 생태학-질병, 환경, 윤리(Veritas Lecture 1: Ecology of the Body-Illness, Environment, and Ethics)",베리타스Veritas,베리타스강좌1(VeritasLecture1)
베리타스 강좌 1: 자유와 선택(Veritas Lecture 1: Freedom and Choice in an Era of Anxiety and Uncertainty),베리타스Veritas,베리타스강좌1(VeritasLecture1)
"베리타스 강좌 1: 공존-환경, 사회 그리고 소통(Veritas Lecture 1: Coexistence-Environment, Society and Communication)",베리타스Veritas,베리타스강좌1(VeritasLecture1)
"베리타스 강좌 1: 나 찾기-몸·마음·영혼(Veritas Lecture 1: Finding ‘Me’-Body, Mind, and Spirit)",베리타스Veritas,베리타스강좌1(VeritasLecture1)
베리타스 강좌 1: 스포츠로 배우는 경쟁과 협력(Veritas Lecture 1: Learning Competition and Cooperation Through Sport),베리타스Veritas,베리타스강좌1(VeritasLecture1)
베리타스 강좌 1: 의미(Veritas Lecture 1: Meaning),베리타스Veritas,베리타스강좌1(VeritasLecture1)
베리타스 강좌 1: 전쟁과 평화(Veritas Lecture 1: War and Peace),베리타스Veritas,베리타스강좌1(VeritasLecture1)
베리타스 강좌 1: 혁신의 통합적인 시각(Veritas Lecture 1: A Holistic Perspective on Innovation),베리타스Veritas,베리타스강좌1(VeritasLecture1)
베리타스 실천: 공연만들기(Veritas Practice: Making Performing Arts),베리타스Veritas,베리타스 실천(Veritas Practice)
베리타스 실천: 눈과 마음(Veritas Practice: Eye and Mind),베리타스Veritas,베리타스 실천(Veritas Practice)
베리타스 실천: 데이터 시각화와 나(Veritas Practice: Data Visualization and Self-Reflection),베리타스Veritas,베리타스 실천(Veritas Practice)
베리타스 실천: 디자인적 사고의 확장적 실천(Veritas Practice: Expansive Practice of Designerly Thinking),베리타스Veritas,베리타스 실천(Veritas Practice)
베리타스 실천: 사회혁신 디자인하기(Veritas Practice: Designing Social Innovations),베리타스Veritas,베리타스 실천(Veritas Practice)
베리타스 실천: 신체조형(Veritas Practice: Physical Graphics),베리타스Veritas,베리타스 실천(Veritas Practice)
베리타스 실천: 여행의 윤리(Veritas Practice: The Ethics of Travel),베리타스Veritas,베리타스 실천(Veritas Practice)
베리타스 실천: 연극적 표현과 실천(Veritas Practice: Theatrical expressions and practices),베리타스Veritas,베리타스 실천(Veritas Practice)
베리타스 실천: 포용사회 실현을 위한 지역커뮤니티 문제해결(Veritas Practice: Community changing project_Moving towards an inclusive society,베리타스Veritas,베리타스 실천(Veritas Practice)
베리타스 실천: 한국전통가창과 노랫말 분석을 통한 미디 창작 및 실습(Veritas Practice: MIDI creation and practice through traditional Korean singing and text analysis,베리타스Veritas,베리타스 실천(Veritas Practice)
베리타스 실천: 영상 제작을 통해 대학을 재사유하기(Veritas Practice: Rethinking University as a Global Community through Video Production),베리타스Veritas,베리타스 실천(Veritas Practice)
베리타스 실천: 사회조직의 탐방과 이해(Veritas practice: Exploring and Understanding Social Organizations),베리타스Veritas,베리타스 실천(Veritas Practice)
10억불분자(A Billion Dollar Molecule),지성의 확장 Exploration,지식의 세계(World of Knowledge)
21세기 한국소설의 이해(Understanding 21st-Century Korean Fiction),지성의 확장 Exploration,지식의 세계(World of Knowledge)
경제학개론(Introduction to Economics),지성의 확장 Exploration,지식의 세계(World of Knowledge)
고전에 길을 묻다(Great Books Reading Seminar),지성의 확장 Exploration,지식의 세계(World of Knowledge)
곤충과 인간(Insects and Humans),지성의 확장 Exploration,지식의 세계(World of Knowledge)
"과학기술과 대중문화(Science, Technology and Popular Culture)",지성의 확장 Exploration,지식의 세계(World of Knowledge)
"과학기술과 사회(Science, Technology and Society)",지성의 확장 Exploration,지식의 세계(World of Knowledge)
관악모둠강좌: 공동체(Gwanak Omnibus Lectures: Community),지성의 확장 Exploration,지식의 세계(World of Knowledge)
관악모둠강좌(인물)(Gwanak Omnibus Course (Historical Figures)),지성의 확장 Exploration,지식의 세계(World of Knowledge)
관악모둠강좌(주제)(Gwanak Omnibus Course (Themes)),지성의 확장 Exploration,지식의 세계(World of Knowledge)
굿 라이프 심리학(Psychology of Good Life),지성의 확장 Exploration,지식의 세계(World of Knowledge)
글로벌 인턴십 1(Global Internship 1),지성의 확장 Exploration,지식의 세계(World of Knowledge)
기후변화와 건강(Climate Change and Health),지성의 확장 Exploration,지식의 세계(World of Knowledge)
도시의 이해(Interpreting Cities),지성의 확장 Exploration,지식의 세계(World of Knowledge)
동서양의 종교적 지혜(Religious Wisdom in East and West),지성의 확장 Exploration,지식의 세계(World of Knowledge)
드라마의 이해와 감상(Understanding Drama),지성의 확장 Exploration,지식의 세계(World of Knowledge)
매체로 보는 서양사(Western History in the Popular Media),지성의 확장 Exploration,지식의 세계(World of Knowledge)
명상과 수행(Meditation and Practice),지성의 확장 Exploration,지식의 세계(World of Knowledge)
문명과 수학(Mathematics in Civilization),지성의 확장 Exploration,지식의 세계(World of Knowledge)
문제는 통계야 : 빅데이터 시대의 데이터 문해력(It’s the Statistics : Data Literacy in a Big Data World),지성의 확장 Exploration,지식의 세계(World of Knowledge)
문화와 질병(Culture and Illness),지성의 확장 Exploration,지식의 세계(World of Knowledge)
"미래의 교통, 스마트 모빌리티(Smart Mobility, The Future Transportation)",지성의 확장 Exploration,지식의 세계(World of Knowledge)
미술명작의 이해(Understanding Masterpieces of Art),지성의 확장 Exploration,지식의 세계(World of Knowledge)
민주주의와 시민의 역사(History of Democracy and Citizenship),지성의 확장 Exploration,지식의 세계(World of Knowledge)
범죄와 형벌(Crime and Punishment),지성의 확장 Exploration,지식의 세계(World of Knowledge)
북한학개론(North Korean Studies),지성의 확장 Exploration,지식의 세계(World of Knowledge)
불교철학의 이해(Understanding Buddhist Philosophy),지성의 확장 Exploration,지식의 세계(World of Knowledge)
비만과 건강관리(Obesity and Health),지성의 확장 Exploration,지식의 세계(World of Knowledge)
빅데이터의 이해(Understanding Big Data),지성의 확장 Exploration,지식의 세계(World of Knowledge)
사람 뇌의 구조와 기능(Structure and Function of Human Brain),지성의 확장 Exploration,지식의 세계(World of Knowledge)
사진 속 지리여행(Geographical Understanding through Geophotos),지성의 확장 Exploration,지식의 세계(World of Knowledge)
사회 속의 어린이 이해(Understanding Children in Society: Student Proposed Course) ,지성의 확장 Exploration,지식의 세계(World of Knowledge)
사회주의의 역사(History of Socialism),지성의 확장 Exploration,지식의 세계(World of Knowledge)
산과 인생(Mountain and Life),지성의 확장 Exploration,지식의 세계(World of Knowledge)
생활원예(Home Horticulture),지성의 확장 Exploration,지식의 세계(World of Knowledge)
서양미술의 이해(Understanding Western Art),지성의 확장 Exploration,지식의 세계(World of Knowledge)
서양음악의 이해(Understanding Western Music),지성의 확장 Exploration,지식의 세계(World of Knowledge)
성서와 기독교 사상의 이해(Understanding Bible and Christian Thought),지성의 확장 Exploration,지식의 세계(World of Knowledge)
"소리의 과학과 악기제작 체험(The Science of Sound, and Experience of Music Instrument Design and Evaluation)",지성의 확장 Exploration,지식의 세계(World of Knowledge)
시민생활의 법적 이해(Understanding the Legal Aspects of Civic Life),지성의 확장 Exploration,지식의 세계(World of Knowledge)
시장경제와 법(Market Economy and Law),지성의 확장 Exploration,지식의 세계(World of Knowledge)
신체활동의 이해와 실습(Understanding and Practice of Physical Activity),지성의 확장 Exploration,지식의 세계(World of Knowledge)
신화와 역사(Myth and History),지성의 확장 Exploration,지식의 세계(World of Knowledge)
심리학개론(Introduction to Psychology),지성의 확장 Exploration,지식의 세계(World of Knowledge)
앎의 이해(Understanding Knowledge),지성의 확장 Exploration,지식의 세계(World of Knowledge)
언어의 이해(Understanding Language),지성의 확장 Exploration,지식의 세계(World of Knowledge)
연극과 감정 표현(Play and Emotional Expression),지성의 확장 Exploration,지식의 세계(World of Knowledge)
예술과 지식재산(Art and Intellectual Property),지성의 확장 Exploration,지식의 세계(World of Knowledge)
우리 몸의 이해(Understanding the Human Body),지성의 확장 Exploration,지식의 세계(World of Knowledge)
웃음의 이해(Understanding of Laughter),지성의 확장 Exploration,지식의 세계(World of Knowledge)
융합주제강좌: 공존(Coexistence: An Interdisciplinary Approach),지성의 확장 Exploration,지식의 세계(World of Knowledge)
"융합주제강좌: 과학기술과 미래(Science, Technology and the Future: An Interdisciplinary Approach)",지성의 확장 Exploration,지식의 세계(World of Knowledge)
융합주제강좌: 권리와 의무(Rights and Responsibilities: An Interdisciplinary Approach),지성의 확장 Exploration,지식의 세계(World of Knowledge)
융합주제강좌: 기술혁신(Technological Innovation: An Interdisciplinary Approach),지성의 확장 Exploration,지식의 세계(World of Knowledge)
융합주제강좌: 미래(Futures: An Interdisciplinary Approach),지성의 확장 Exploration,지식의 세계(World of Knowledge)
융합주제강좌: 생명(Life: An Interdisciplinary Approach),지성의 확장 Exploration,지식의 세계(World of Knowledge)
융합주제강좌: 자유와 선택 (Freedom and Choice: An Interdisciplinary Approach),지성의 확장 Exploration,지식의 세계(World of Knowledge)
음악 속의 철학(Philosophy in Music),지성의 확장 Exploration,지식의 세계(World of Knowledge)
음악의 원리(The Elements and Structural Principles of Music),지성의 확장 Exploration,지식의 세계(World of Knowledge)
인간과 종교(Man and religion),지성의 확장 Exploration,지식의 세계(World of Knowledge)
인간관계의 심리학(Psychology of Interpersonal Relations),지성의 확장 Exploration,지식의 세계(World of Knowledge)
인간생명과학개론(Introduction to Human Life Science),지성의 확장 Exploration,지식의 세계(World of Knowledge)
인간생활과 경제(Human Life and Economy),지성의 확장 Exploration,지식의 세계(World of Knowledge)
일본대중문화(Japanese Popular Culture),지성의 확장 Exploration,지식의 세계(World of Knowledge)
자전거와 스포츠과학(Bicycle and Sports Science),지성의 확장 Exploration,지식의 세계(World of Knowledge)
장애학의 이해(Understanding Disability Studies),지성의 확장 Exploration,지식의 세계(World of Knowledge)
정보사회와 수학(Mathematics in Information Age),지성의 확장 Exploration,지식의 세계(World of Knowledge)
정의와 법(Justice and Law),지성의 확장 Exploration,지식의 세계(World of Knowledge)
정책학의 이해(Introduction to Public Policy),지성의 확장 Exploration,지식의 세계(World of Knowledge)
종교와 영화(Religion and Film),지성의 확장 Exploration,지식의 세계(World of Knowledge)
종교학의 이해(Understanding Religious Studies),지성의 확장 Exploration,지식의 세계(World of Knowledge)
죽음의 과학적 이해(Understanding Death: A Scientific View),지성의 확장 Exploration,지식의 세계(World of Knowledge)
직업세계의 이해와 진로설계(Career Development: Exploration and Planning),지성의 확장 Exploration,지식의 세계(World of Knowledge)
진화와 인간사회(Evolution and Human Society),지성의 확장 Exploration,지식의 세계(World of Knowledge)
참살이의학특강(Topics in Medicine for Well-Being),지성의 확장 Exploration,지식의 세계(World of Knowledge)
창조와 디자인(Creativity and Design),지성의 확장 Exploration,지식의 세계(World of Knowledge)
퀴어문학(Queer Literature),지성의 확장 Exploration,지식의 세계(World of Knowledge)
테크놀러지와 예술: 전시·예술·공학(Technology and Art: Exhibit·Art·Engineering),지성의 확장 Exploration,지식의 세계(World of Knowledge)
특허와 기술창업(Patent and Technology Entrepreneurship),지성의 확장 Exploration,지식의 세계(World of Knowledge)
한국 경제를 위한 창의적 아이디어(Creative Ideas for Korean Economy),지성의 확장 Exploration,지식의 세계(World of Knowledge)
한국음악의 이해(Understanding Korean Traditional Music),지성의 확장 Exploration,지식의 세계(World of Knowledge)
"함께 사는 법 – 노동, 복지 그리고 삶 (Law for Living Together and Solidarity - Labor, Welfare and Life) ",지성의 확장 Exploration,지식의 세계(World of Knowledge)
현대경제의 이해(Introduction to Modern Economy),지성의 확장 Exploration,지식의 세계(World of Knowledge)
현대도시건축산책(A Glance at Korean Contemporary Urbanism and Architecture),지성의 확장 Exploration,지식의 세계(World of Knowledge)
현대문화와 기독교(Modern Culture and Christianity),지성의 확장 Exploration,지식의 세계(World of Knowledge)
현대음악의 이해(Introduction to Modern Music),지성의 확장 Exploration,지식의 세계(World of Knowledge)
환경과 건강(Environment and Health),지성의 확장 Exploration,지식의 세계(World of Knowledge)
환경과 기후변화의 미래(The Future of the Environment and Climate Change),지성의 확장 Exploration,지식의 세계(World of Knowledge)
언어와 인간(Language and Human Beings),지성의 확장 Exploration,지식의 세계(World of Knowledge)
인류와 식량(Mankind and Food),지성의 확장 Exploration,지식의 세계(World of Knowledge)
생활 속의 반도체(Semiconductor in Daily Life),지성의 확장 Exploration,지식의 세계(World of Knowledge)
숲의 이해(Understanding Forests),지성의 확장 Exploration,지식의 세계(World of Knowledge)
고전에 길을 묻다(Reading Great Books),지성의 확장 Exploration,지식의 세계(World of Knowledge)
사회 속의 어린이 이해(Understanding Children in Society),지성의 확장 Exploration,지식의 세계(World of Knowledge)
앎의 이해(Understanding Knowledge),지성의 확장 Exploration,지식의 세계(World of Knowledge)
연극과 감정 표현(Play and Emotional Expression),지성의 확장 Exploration,지식의 세계(World of Knowledge)
웃음의 이해(Understanding of Laughter),지성의 확장 Exploration,지식의 세계(World of Knowledge)
장애학의 이해(Understanding Disability Studies),지성의 확장 Exploration,지식의 세계(World of Knowledge)
동아시아 불교문화(Buddhist Culture in East Asia),지성의 확장 Exploration,지식의 세계(World of Knowledge)
두 개의 한국: 근대한국의 역사와 사회(Two Koreas: Modern Korean History and Society),지성의 확장 Exploration,지식의 세계(World of Knowledge)
세계음악(Music of the World),지성의 확장 Exploration,지식의 세계(World of Knowledge)
한국근대소설의 이해(Modern Korean Fiction),지성의 확장 Exploration,지식의 세계(World of Knowledge)
한국문학입문(Introduction to Korean Literature),지성의 확장 Exploration,지식의 세계(World of Knowledge)
한국법의 이해(Korean Law),지성의 확장 Exploration,지식의 세계(World of Knowledge)
한국어와 한국문화(Korean Language and Culture),지성의 확장 Exploration,지식의 세계(World of Knowledge)
한국음악개론(Introduction to Korean Musical Culture),지성의 확장 Exploration,지식의 세계(World of Knowledge)
한국의 언어(The Korean Language),지성의 확장 Exploration,지식의 세계(World of Knowledge)
한복과 한국문화(Hanbok and Korean Culture),지성의 확장 Exploration,지식의 세계(World of Knowledge)
현대 동아시아 문화와 한문 서사의 재발견(Contemporary East Asian Culture and the Rediscovery of Classical Chinese Narrative),지성의 확장 Exploration,지식의 세계(World of Knowledge)
현대동아시아의 종교: 정체성과 갈등(Religions in Modern East Asia: Identity and Conflict),지성의 확장 Exploration,지식의 세계(World of Knowledge)
현대한국의 삶과 문화(Life in Contemporary Korea),지성의 확장 Exploration,지식의 세계(World of Knowledge)
그린리더십(Green Leadership,지성의 확장 Exploration,공감과 공존(Empathy and Coexistence)
그린리더십 인턴십(Green Leadership Internship),지성의 확장 Exploration,공감과 공존(Empathy and Coexistence)
사회봉사 1(Volunteer Social Service 1),지성의 확장 Exploration,공감과 공존(Empathy and Coexistence)
사회봉사 2(Volunteer Social Service 2),지성의 확장 Exploration,공감과 공존(Empathy and Coexistence)
사회봉사 3(Volunteer Social Service 3),지성의 확장 Exploration,공감과 공존(Empathy and Coexistence)
지속가능한 생활디자인(Sustainable Living Design),지성의 확장 Exploration,공감과 공존(Empathy and Coexistence)
한국 수화 언어의 이해(Understanding Korean Sign Language),지성의 확장 Exploration,공감과 공존(Empathy and Coexistence)
학생자율세미나: 주제(Undergraduate Independent Seminar: Theme),지성의 확장 Exploration,자율과 창의 (Creativity and Independent Study)
학생자율세미나: 거주와 배움(Undergraduate Independent Seminar: Living and Learning),지성의 확장 Exploration,자율과 창의 (Creativity and Independent Study)
학생자율연구: 탐구(Undergraduate Independent Research: Inquiry),지성의 확장 Exploration,자율과 창의 (Creativity and Independent Study)
학생자율연구: 심화(Undergraduate Independent Research: Advanced),지성의 확장 Exploration,자율과 창의 (Creativity and Independent Study)
학생자율연구: 실천(Undergraduate Independent Research: Practice),지성의 확장 Exploration,자율과 창의 (Creativity and Independent Study)
창의와 탐구: 창의성을 깨우는 아두이노(Arduino awakens creativity : Creativity and Inquiry),지성의 확장 Exploration,자율과 창의 (Creativity and Independent Study)
창의와 탐구 : 해체와 재창조(Decomposition and Re-creation: Creativity and Inquiry),지성의 확장 Exploration,자율과 창의 (Creativity and Independent Study)
"창의와 탐구: 사물, 공간, 그리고 질문(Objects, Space, and Questions: Creativity and Inquiry)",지성의 확장 Exploration,자율과 창의 (Creativity and Independent Study)
도예의 기초(Introduction to Ceramics),지성의 확장 Exploration,예술과 체육(Arts and Physical Education)
민화의 기초(Introduction to Minhwa),지성의 확장 Exploration,예술과 체육(Arts and Physical Education)
소묘의 기초(Introduction to Drawing),지성의 확장 Exploration,예술과 체육(Arts and Physical Education)
수묵화의 기초(Introduction to Sumukhua),지성의 확장 Exploration,예술과 체육(Arts and Physical Education)
수채화의 기초(Introduction to Watercolor),지성의 확장 Exploration,예술과 체육(Arts and Physical Education)
교양연주 - 가야금(Music performance - Gayageum),지성의 확장 Exploration,예술과 체육(Arts and Physical Education)
교양연주 - 거문고(Music Performance - Geomungo),지성의 확장 Exploration,예술과 체육(Arts and Physical Education)
교양연주 - 단소(Music performance - Danso),지성의 확장 Exploration,예술과 체육(Arts and Physical Education)
교양연주 - 색소폰 1(Music performance - Saxophone 1),지성의 확장 Exploration,예술과 체육(Arts and Physical Education)
교양연주 - 색소폰 2(Music performance - Saxophone 2),지성의 확장 Exploration,예술과 체육(Arts and Physical Education)
교양연주 - 해금(Music Performance - Haegeum),지성의 확장 Exploration,예술과 체육(Arts and Physical Education)
교양연주 - 합창(Music performance - Chorus),지성의 확장 Exploration,예술과 체육(Arts and Physical Education)
건강과 삶(Health and Life),지성의 확장 Exploration,예술과 체육(Arts and Physical Education)
골프초급(Beginner's Golf),지성의 확장 Exploration,예술과 체육(Arts and Physical Education)
농구초급(Beginner's Basketball),지성의 확장 Exploration,예술과 체육(Arts and Physical Education)
달리기와 건강(Running and Health),지성의 확장 Exploration,예술과 체육(Arts and Physical Education)
댄스스포츠(Dance Sport),지성의 확장 Exploration,예술과 체육(Arts and Physical Education)
배구(Volleyball),지성의 확장 Exploration,예술과 체육(Arts and Physical Education)
배드민턴초급(Beginner's Badminton),지성의 확장 Exploration,예술과 체육(Arts and Physical Education)
수영 1(평영)(Swimming 1),지성의 확장 Exploration,예술과 체육(Arts and Physical Education)
수영 2(평영)(Swimming 2),지성의 확장 Exploration,예술과 체육(Arts and Physical Education)
수영 3(자유형)(Swimming 3),지성의 확장 Exploration,예술과 체육(Arts and Physical Education)
수영 4(자유형)(Swimming 4),지성의 확장 Exploration,예술과 체육(Arts and Physical Education)
수영 5(접영)(Swimming 5),지성의 확장 Exploration,예술과 체육(Arts and Physical Education)
야구(Baseball),지성의 확장 Exploration,예술과 체육(Arts and Physical Education)
양궁(Archery),지성의 확장 Exploration,예술과 체육(Arts and Physical Education)
에어로빅(Aerobics),지성의 확장 Exploration,예술과 체육(Arts and Physical Education)
운동과 건강(Exercise and Health),지성의 확장 Exploration,예술과 체육(Arts and Physical Education)
운동과 영양(Exercise and Nutrition),지성의 확장 Exploration,예술과 체육(Arts and Physical Education)
체력단련(Weight Training),지성의 확장 Exploration,예술과 체육(Arts and Physical Education)
체육 1(Physical Education 1),지성의 확장 Exploration,예술과 체육(Arts and Physical Education)
체육 2(Physical Education 2),지성의 확장 Exploration,예술과 체육(Arts and Physical Education)
축구(Soccer),지성의 확장 Exploration,예술과 체육(Arts and Physical Education)
탁구중급(Intermediate Table Tennis),지성의 확장 Exploration,예술과 체육(Arts and Physical Education)
탁구초급(Beginner's Table Tennis),지성의 확장 Exploration,예술과 체육(Arts and Physical Education)
태권도(Taekwondo),지성의 확장 Exploration,예술과 체육(Arts and Physical Education)
테니스중급(Intermediate Tennis),지성의 확장 Exploration,예술과 체육(Arts and Physical Education)
테니스초급(Beginner's Tennis),지성의 확장 Exploration,예술과 체육(Arts and Physical Education)
한국무용(Korean Dance),지성의 확장 Exploration,예술과 체육(Arts and Physical Education)
핸드볼(Handball),지성의 확장 Exploration,예술과 체육(Arts and Physical Education)
현대무용(Modern Dance),지성의 확장 Exploration,예술과 체육(Arts and Physical Education)
현대사회와 스포츠(Modern Society and Sports) ,지성의 확장 Exploration,예술과 체육(Arts and Physical Education)
호신술(Martial Arts),지성의 확장 Exploration,예술과 체육(Arts and Physical Education)
신입생 세미나(SNU Freshman Seminar),지성의 확장 Exploration,학부생 세미나(Undergraduate Seminars)
창의와 도전(Creativity and Challenge),지성의 확장 Exploration,학부생 세미나(Undergraduate Seminars)
주제 세미나(Theme Seminar),지성의 확장 Exploration,학부생 세미나(Undergraduate Seminars)
글쓰기 세미나(Writing Seminar),지성의 확장 Exploration,학부생 세미나(Undergraduate Seminars)
소그룹 고전원전읽기 1(Readings in Classics 1),지성의 확장 Exploration,학부생 세미나(Undergraduate Seminars)
소그룹 고전원전읽기 2(Readings in Classics 2),지성의 확장 Exploration,학부생 세미나(Undergraduate Seminars)
